Day,Time,Sight,Transportation,Feature
Day 1: 台北古今交錯的文化之旅,9:00 AM - 12:00 PM,故宮博物院,,收藏豐富的中華文物藝術珍品，欣賞古代書畫、陶瓷器、玉器等，感受中華文化的博大精深。建議事先預約導覽或租借語音導覽，更能深入了解文物背後的故事。
Day 1: 台北古今交錯的文化之旅,12:00 PM - 1:00 PM,故宮晶華 (午餐),步行 (位於故宮博物院內),品嘗以故宮文物為靈感的創意料理，如翠玉白菜、肉形石等，味覺與視覺的雙重享受。
Day 1: 台北古今交錯的文化之旅,1:30 PM - 4:30 PM,龍山寺,,台北香火鼎盛的古老寺廟，感受傳統宗教文化與建築之美。可以參拜祈福，欣賞精緻的雕梁畫棟與神祇雕像。寺廟周邊也有許多小吃攤販，可以品嚐道地台灣小吃。
Day 1: 台北古今交錯的文化之旅,4:30 PM - 6:00 PM,剝皮寮歷史街區,步行 (位於龍山寺附近),保存完整的清代街道，感受昔日台北老街的風貌。現已規劃為藝文展演空間，可以欣賞藝術作品，了解台北的歷史文化。
Day 1: 台北古今交錯的文化之旅,6:30 PM - 8:00 PM,晚餐 (華西街夜市),步行 (位於龍山寺附近),品嚐道地台灣小吃，如滷肉飯、蚵仔煎、鼎邊銼等，體驗熱鬧的夜市文化。
Day 2: 大稻埕的懷舊與創新,10:00 AM - 12:00 PM,大稻埕 (迪化街),,充滿歷史風味的街區，欣賞傳統建築與店家，感受昔日商賈雲集的繁華景象。可以購買南北貨、中藥材、茶葉等伴手禮，或是在文創小店尋找獨特商品。
Day 2: 大稻埕的懷舊與創新,12:00 PM - 1:00 PM,午餐 (大稻埕美食),步行 (大稻埕區域內),品嚐大稻埕的特色美食，如永樂市場的米苔目、許家麵線、李亭香餅店等。
Day 2: 大稻埕的懷舊與創新,1:30 PM - 3:00 PM,大稻埕碼頭 (淡水河岸),步行 (位於迪化街附近),欣賞淡水河的景色，可以散步、騎自行車，或是搭乘渡輪前往淡水。
Day 2: 大稻埕的懷舊與創新,3:30 PM - 5:00 PM,霞海城隍廟,步行 (位於迪化街附近),參拜月老，祈求好姻緣。是台灣著名的月老廟之一，吸引許多單身男女前來參拜。
Day 2: 大稻埕的懷舊與創新,5:00 PM,N/A,N/A,台北有許多特色美食，建議事先做好功課，品嚐道地台灣味。